{
  "best_val_score": 0.4710263278449854,
  "test_loss": 0.745362463308499,
  "test_score": 0.4556876590480398
}